{
  "name": "fullpage.js",
  "homepage": "http://alvarotrigo.com/fullPage/",
  "authors": [
    "Alvaro Trigo https://github.com/alvarotrigo"
  ],
  "description": "Create  beautiful fullscreen scrolling websites",
  "main": [
    "dist/jquery.fullpage.js",
    "dist/jquery.fullpage.css"
  ],
  "keywords": [
    "jquery",
    "scrolling",
    "single_page",
    "one_page",
    "sliding"
  ],
  "license": "MIT",
  "ignore": [
    "**/.*",
    "node_modules",
    "bower_components",
    "test",
    "tests",
    "examples"
  ],
  "dependencies": {
    "jquery": ">=1.6.0"
  },
  "version": "2.9.5",
  "_release": "2.9.5",
  "_resolution": {
    "type": "version",
    "tag": "2.9.5",
    "commit": "fc34fb061ea7e03dac93a45c0673b2307ee6a76d"
  },
  "_source": "https://github.com/alvarotrigo/fullPage.js.git",
  "_target": "^2.9.5",
  "_originalSource": "fullpage.js",
  "_direct": true
}